Book Id,Title,Author,Author l-f,Additional Authors,ISBN,ISBN13,My Rating,Publisher,Binding,Number of Pages,Year Published,Original Publication Year,Date Read,Date Added,Bookshelves,Bookshelves with positions,Exclusive Shelf,My Review,Spoiler,Private Notes,Read Count,Owned Copies
56269004,"Silent Parade (Detective Galileo, #4)",Keigo Higashino,"Higashino, Keigo",Giles Murray,"=""1250624819""","=""9781250624819""",0,Minotaur Books,Hardcover,344,2021,2018,,2026/07/27,,,read,,,,1,0
62790595,Người Bóng Bay,Chan Ho-Kei,"Ho-Kei, Chan",Nguyễn Tú Uyên,"=""6043747456""","=""9786043747454""",4.0,"NXB Hà Nội, Nhã Nam",Paperback,484,2022,2020,,2026/06/03,,,read,,,,1,0
13506866,"Salvation of a Saint (Detective Galileo, #2)",Keigo Higashino,"Higashino, Keigo",Alexander O. Smith,"=""0312600682""","=""9780312600686""",4.0,Minotaur Books,Hardcover,330,2012,2008,,2025/09/12,"social-psychology, detective","social-psychology (#8), detective (#6)",read,,,,0,0
27833670,Dark Matter,Blake Crouch,"Crouch, Blake",,"=""1101904224""","=""9781101904220""",3.0,Ballantine Books,Hardcover,342,2016,2016,,2026/04/26,,,read,,,,1,0
44287550,The Miracles of the Namiya General Store,Keigo Higashino,"Higashino, Keigo",Sam Bett,"=""1975382579""","=""9781975382575""",4.0,Yen On,Hardcover,320,2019,2012,,2025/09/12,social-psychology,social-psychology (#7),read,,,,0,0
55820280,Người Trong Lưới,Chan Ho-Kei,"Ho-Kei, Chan",Thu Hương,"=""6043028026""","=""9786043028027""",4.0,NXB Hồng Đức & IPM,Paperback,556,2020,2017,,2026/05/24,,,read,,,,1,0
20518872,"The Three-Body Problem (Remembrance of Earth’s Past, #1)",Liu Cixin,"Cixin, Liu",Ken Liu,"=""""","=""""",5.0,Tor Books,Hardcover,472,2014,2006,,2026/03/30,,,read,,,,1,0
7326853,"Summer, Fireworks, and My Corpse",Otsuichi,"Otsuichi, Otsuichi",Nathan Collins,"=""1421536447""","=""9781421536446""",0,Haikasoru,Paperback,350,2010,1996,,2026/02/22,,,read,,,,1,0
60129996,Sau giờ học,Keigo Higashino,"Higashino, Keigo",Thuỷ Hương,"=""6043396297""","=""9786043396294""",0,"NXB Hồng Đức, IPM",Paperback,320,2022,1985,,2026/02/22,,,read,,,,1,0
58483047,Nhà ảo thuật đen và vụ án mạng tại thị trấn không tên,Keigo Higashino,"Higashino, Keigo",Mai Khanh,"=""6045591925""","=""9786045591925""",0,"NXB Hà Nội, Nhã Nam",Paperback,566,2021,2020,,2026/02/15,,,read,,,,1,0
59950184,Khách sạn mặt nạ,Keigo Higashino,"Higashino, Keigo",Lam Ngọc,"=""6045598571""","=""9786045598573""",3.0,NXB Hà,Paperback,460,2021,2011,,2025/09/12,"social-psychology, detective","social-psychology (#9), detective (#7)",read,,,,1,0
19161835,Confessions,Kanae Minato,"Minato, Kanae",Stephen    Snyder,"=""0316200921""","=""9780316200929""",4.0,"Little, Brown Paperbacks",Paperback,234,2014,2008,,2025/09/28,,,read,,,,1,0
123220689,Người mới đến,Keigo Higashino,"Higashino, Keigo",Quỳnh Lê,"=""6043619385""","=""9786043619386""",4.0,"NXB Hồng Đức, IPM",Paperback,312,2023,2009,,2025/09/12,detective,detective (#4),read,,,,1,0
12009048,Kafka bên bờ biển,Haruki Murakami,"Murakami, Haruki",Dương Tường,"=""6043237091""","=""9786043237092""",4.0,Nhã Nam & NXB Văn học,Paperback,540,2012,2002,,2025/12/11,,,read,,,,1,0
48837691,Thư,Keigo Higashino,"Higashino, Keigo",Thu Hiền,"=""604892710X""","=""9786048927103""",3.0,"NXB Hồng Đức, IPM",Paperback,408,2019,2003,,2025/09/12,social-psychology,social-psychology (#1),read,,,,1,0
8686068,"The Devotion of Suspect X (Detective Galileo, #1)",Keigo Higashino,"Higashino, Keigo","Alexander O. Smith, Elye J. Alexander","=""0312375069""","=""9780312375065""",5.0,Minotaur Books,Hardcover,298,2011,2005,,2025/09/12,"detective, social-psychology","detective (#5), social-psychology (#6)",read,,,,0,0
23293728,Bạch Dạ Hành,Keigo Higashino,"Higashino, Keigo",Diệu Thư,"=""6048705034""","=""9786048705039""",4.0,Thời Đại & Nhã Nam,Paperback,628,2014,1999,,2025/09/12,"detective, social-psychology","detective (#3), social-psychology (#5)",read,,,,0,0
57624344,Súng săn,Yasushi Inoue,"Inoue, Yasushi",Huyền Vũ,"=""""","=""""",3.0,Nhã Nam,Paperback,104,2021,1949,,2025/12/11,,,read,,,,1,0
63946630,Pháp sư xứ Anh,Cressida Cowell,"Cowell, Cressida",Phạm Quốc Hưng,"=""6043830590""","=""9786043830590""",3.0,"Nhã Nam, NXB Hội Nhà Văn",Paperback,396,2022,2017,,2025/12/14,,,read,,,,1,0
50023931,Ác Ý,Keigo Higashino,"Higashino, Keigo",An Nhiên,"=""6048986211""","=""9786048986216""",4.0,Hồng Đức & IPM,Paperback,320,2019,1996,,2025/09/12,detective,detective (#1),read,,,,1,0
12134870,Số Đỏ,Vũ Trọng Phụng,"Phụng, Vũ Trọng",,"=""""","=""""",4.0,NXB Văn học,Paperback,228,2013,1936,,2025/12/11,,,read,,,,1,0
11297,Norwegian Wood,Haruki Murakami,"Murakami, Haruki",Jay Rubin,"=""""","=""""",0,Vintage Books,Paperback,296,2000,1987,,2025/10/24,,,read,,,,1,0
23847971,"A Midsummer's Equation (Detective Galileo, #3)",Keigo Higashino,"Higashino, Keigo",Alexander O. Smith,"=""1250027926""","=""9781250027924""",0,Minotaur Books,Hardcover,358,2016,2011,,2025/09/28,social-psychology,social-psychology (#10),read,,,,0,0
45181976,Tên của trò chơi là bắt cóc,Keigo Higashino,"Higashino, Keigo",Đỗ Phan Thu Hà,"=""6045661745""","=""9786045661741""",0,"NXB Phụ Nữ, Skynovel",Paperback,304,2019,2002,,2025/09/12,detective,detective (#2),read,,,,0,0
32319351,Thánh Giá Rỗng,Keigo Higashino,"Higashino, Keigo",Nguyễn Hải Hà,"=""6049635269""","=""9786049635267""",0,"Skynovel, NXB Văn học ",Paperback,381,2016,2011,,2025/09/12,,,read,,,,1,0
60062338,Những kẻ đáng ngờ,Keigo Higashino,"Higashino, Keigo",Vương Hải Yến,"=""6043492032""","=""9786043492033""",0,"NXB Văn Học, AZ Vietnam, Mintbooks",Paperback,300,2022,1994,,2025/09/12,"social-psychology, classical-detective","social-psychology (#4), classical-detective (#3)",read,,,,0,0
58263100,Hung khí hoàn mỹ,Keigo Higashino,"Higashino, Keigo",Vũ Bích Lệ Thủy,"=""6045586735""","=""9786045586730""",0,"NXB Hà Nội, Nhã Nam",Paperback,336,2021,1997,,2025/09/12,social-psychology,social-psychology (#3),read,,,,0,0
54447344,Biến Thân,Keigo Higashino,"Higashino, Keigo",Cẩm Hương,"=""6049958920""","=""9786049958922""",0,"NXB Hồng Đức, IPM",Paperback,384,2020,1991,,2025/09/12,social-psychology,social-psychology (#2),read,,,,1,0
56684676,Vụ án mạng ở nhà khách núi Hakuba,Keigo Higashino,"Higashino, Keigo",Kuroi Neko,"=""""","=""""",0,"NXB Hà Nội, Nhã Nam",Paperback,336,2021,1986,,2025/09/12,classical-detective,classical-detective (#2),read,,,,1,0
54447361,Vụ Án Mạng Ở Lữ Quán Kairotei,Keigo Higashino,"Higashino, Keigo",Dã Tràng,"=""6045560000""","=""9786045560006""",0,"NXB Hà Nội, Nhã Nam",Paperback,292,2020,1994,,2025/09/12,,,read,,,,1,0
35076744,Ngôi Nhà Của Người Cá Say Ngủ,Keigo Higashino,"Higashino, Keigo",Đỗ Nguyên,"=""6049546436""","=""9786049546433""",0,"Mintbooks, NXB Văn học",Paperback,428,2017,2015,,2025/09/12,,,read,,,,1,0
34797921,Hoa Mộng Ảo,Keigo Higashino,"Higashino, Keigo",H.M,"=""6045522575""","=""9786045522578""",0,NXB Hà Nội,Paperback,398,2017,2013,,2025/09/12,,,read,,,,1,0
51132354,"The Murder on the Links (Hercule Poirot, #2)",Agatha Christie,"Christie, Agatha",,"=""1734452552""","=""9781734452556""",0,Warbler Classics,Paperback,240,2020,1923,,2025/09/12,classical-detective,classical-detective (#1),read,,,,1,0
